PassengerId,Survived,Pclass,Name,Sex,Age,SibSp,Parch,Fare,Embarked
1,1,2,Passenger 1,male,32.88439467212844,1,1,56.18525632194982,S
2,1,3,Passenger 2,male,27.776656836123443,1,0,7.453693030494629,S
3,0,3,Passenger 3,female,16.822757451778948,0,0,50.430605497642034,S
4,0,3,Passenger 4,female,8.811963548684957,0,0,9.379910726802759,S
5,0,1,Passenger 5,male,3.8422782505065314,0,0,13.811032656381858,S
6,0,1,Passenger 6,male,31.78527609080962,1,0,14.556179822890142,S
7,1,1,Passenger 7,male,7.120213646498165,0,0,22.394238360035157,S
8,0,3,Passenger 8,male,12.992766073696753,0,0,54.67280701486097,S
9,0,3,Passenger 9,male,26.7294618270267,0,0,26.16923635711807,S
10,0,3,Passenger 10,female,0.0,0,2,17.705374537519553,C
11,0,1,Passenger 11,male,41.68469568066002,0,0,52.842259137107895,Q
12,0,3,Passenger 12,female,0.0,1,2,9.001026350388099,S
13,0,3,Passenger 13,male,28.839414130008407,0,0,18.592951485982873,S
14,1,1,Passenger 14,male,30.22528839891434,0,0,54.36829809447237,S
15,1,1,Passenger 15,female,38.07092580272713,1,0,34.1003010191162,S
16,1,1,Passenger 16,male,29.374787964151597,1,0,12.599990028334402,C
17,0,2,Passenger 17,male,60.26861945749858,0,0,4.423995439653338,S
18,0,3,Passenger 18,male,33.24475322352751,0,0,27.40863722183863,Q
19,0,2,Passenger 19,female,45.8041859886549,0,2,4.1426049216508565,S
20,1,2,Passenger 20,female,19.14805786694568,2,1,16.240345925027107,S
21,0,3,Passenger 21,male,31.811352092842014,0,0,65.2971505630856,C
22,1,1,Passenger 22,male,53.21355142543389,2,0,36.47979867092737,S
23,0,2,Passenger 23,male,26.434573129655387,1,0,2.6547381430794266,S
24,1,2,Passenger 24,female,32.883521462928464,0,0,24.5436092419025,S
25,0,3,Passenger 25,female,44.71280173706213,0,0,14.597205195105376,C
26,0,3,Passenger 26,male,18.86655719712548,0,2,5.6197242635380125,S
27,1,1,Passenger 27,male,0.0,0,0,28.078981181860513,C
28,1,3,Passenger 28,male,33.83360480568553,0,0,12.283564523098653,S
29,0,3,Passenger 29,female,44.83003754037004,0,0,12.360006295332239,S
30,1,1,Passenger 30,female,9.728313526620429,3,0,22.738172462012972,S
31,0,3,Passenger 31,male,40.05329845916008,0,0,10.74150778722026,Q
32,1,1,Passenger 32,male,40.15449581009307,1,0,22.103497056731324,S
33,1,1,Passenger 33,male,0.0,0,0,11.09700342732717,S
34,0,3,Passenger 34,female,15.955670513898415,0,0,11.722833713797856,C
35,0,3,Passenger 35,male,24.062568289025066,0,0,54.21348993655498,S
36,0,3,Passenger 36,female,27.305639996471445,0,2,60.019627659165614,S
37,1,2,Passenger 37,male,18.85298602848024,2,0,3.6376786796970118,C
38,1,1,Passenger 38,male,18.04495794626727,0,0,42.39679814110749,Q
39,0,3,Passenger 39,male,55.07224336773139,0,0,81.33618558076009,S
40,0,2,Passenger 40,male,28.386613022116375,0,0,95.33307548102351,C
41,1,1,Passenger 41,male,19.574345097753906,0,0,33.797259721877445,C
42,1,3,Passenger 42,female,29.38245784631175,0,1,6.976882210389451,S
43,1,1,Passenger 43,male,38.056362495917156,1,0,37.71209405964387,S
44,0,3,Passenger 44,male,30.77439565066812,1,0,8.421160495147191,S
45,0,2,Passenger 45,male,26.9140861375804,0,0,14.253961011994628,S
46,0,3,Passenger 46,female,20.249749969943203,0,0,29.461436092466062,S
47,1,2,Passenger 47,female,20.068037317986015,0,1,8.982162384492394,C
48,0,3,Passenger 48,male,21.032874202719608,0,1,6.3827541763076825,S
49,0,3,Passenger 49,female,35.082219012161055,0,0,32.00119732451432,S
50,0,1,Passenger 50,male,15.087298613973193,0,1,129.95967425715176,S
51,0,3,Passenger 51,male,35.89903835205333,0,0,69.63270319525706,S
52,0,3,Passenger 52,female,51.19492133440245,0,2,40.73901305495826,S
53,1,3,Passenger 53,female,34.885610367198,0,0,53.47345890592889,C
54,0,3,Passenger 54,female,24.456217066242942,0,2,38.00506716112383,C
55,0,3,Passenger 55,male,10.528096724180543,0,0,31.497249652777857,S
56,0,3,Passenger 56,male,53.67160211867271,0,0,49.33421416332701,S
57,1,1,Passenger 57,female,12.449735241016313,1,0,5.112236133184801,S
58,1,1,Passenger 58,male,42.72843051713622,0,2,24.51990653913073,S
59,1,1,Passenger 59,male,39.57776790891728,0,1,18.523714827764945,S
60,1,2,Passenger 60,male,26.448470955539104,0,0,21.734542846115016,S
61,1,2,Passenger 61,male,26.05531794328983,1,0,12.662283671625767,C
62,0,2,Passenger 62,male,2.4643308893846907,0,0,33.800914041600585,C
63,1,3,Passenger 63,female,34.950975012189325,0,0,8.864654721944055,S
64,0,2,Passenger 64,male,39.298894985937075,0,0,11.776959884645045,S
65,0,2,Passenger 65,male,13.663798257782933,1,0,10.444965441096896,S
66,0,3,Passenger 66,male,27.66267788506346,2,1,47.65305003924536,S
67,0,1,Passenger 67,female,30.56792872513425,0,0,19.851438971858162,Q
68,0,3,Passenger 68,male,38.768589419243526,1,1,12.669121567028343,S
69,1,1,Passenger 69,male,30.05704614184781,2,0,13.826268606681436,S
70,0,3,Passenger 70,female,5.605209690576238,2,0,20.163632624542608,C
71,0,3,Passenger 71,female,22.050933458062662,0,0,101.71501363651791,S
72,0,1,Passenger 72,female,33.36938678083529,0,0,5.832697951059436,S
73,1,1,Passenger 73,female,42.622925130596386,0,0,39.46878071179174,C
74,0,3,Passenger 74,male,20.7354508590863,1,0,32.19664768699204,S
75,0,3,Passenger 75,female,62.81474811825029,0,0,8.306468939635952,S
76,0,3,Passenger 76,male,1.5829039674455316,0,0,87.08401045623629,S
77,0,3,Passenger 77,female,21.544497374131485,0,0,34.442127470007925,S
78,1,1,Passenger 78,female,28.7544959476084,1,0,12.088646384397554,S
79,0,2,Passenger 79,female,26.988762546707036,1,1,3.1286032972589544,C
80,1,1,Passenger 80,female,11.517865052777509,0,2,25.25809843756716,S
81,1,3,Passenger 81,male,36.71792621627691,1,0,19.206608552293247,S
82,0,3,Passenger 82,male,35.56641076970883,0,0,7.165566110769278,S
83,0,2,Passenger 83,female,30.7194216897232,1,0,7.073713502301269,S
84,0,1,Passenger 84,female,34.977657948877734,0,2,47.87099875646006,S
85,0,2,Passenger 85,male,23.643353828279537,0,0,2.8414233115753285,S
86,1,2,Passenger 86,male,5.739555748371483,2,0,27.502660764726986,S
87,0,3,Passenger 87,male,19.25040194921633,0,0,16.652544451975412,S
88,0,3,Passenger 88,female,32.35581872114162,1,0,33.02136672150933,S
89,0,3,Passenger 89,female,32.44116622269594,0,0,14.964713405562136,S
90,0,3,Passenger 90,male,30.620685788787718,0,1,26.930917209322484,S
91,1,1,Passenger 91,male,38.230624019775476,0,0,9.556534443874364,S
92,0,3,Passenger 92,female,21.282809318249754,0,0,19.12115060362769,S
93,0,3,Passenger 93,female,30.40021585665804,0,0,32.75592553727182,S
94,0,3,Passenger 94,male,38.58139167607382,0,0,23.356419497477454,S
95,0,3,Passenger 95,male,28.7266527224647,0,2,29.3797846940367,S
96,0,3,Passenger 96,male,11.350141073908517,0,0,7.941313585444241,S
97,0,3,Passenger 97,male,15.577674455166935,3,1,11.126453131843897,S
98,0,2,Passenger 98,male,42.4627848641905,2,0,11.321008521184986,C
99,1,1,Passenger 99,female,50.88708244413859,0,0,15.233702520400552,S
100,1,1,Passenger 100,female,47.629246617360735,1,2,78.14631240344376,C
101,1,1,Passenger 101,male,33.48233924613053,0,0,14.095015784974297,C
102,0,3,Passenger 102,female,11.95301096974961,0,1,6.400912384189368,Q
103,1,2,Passenger 103,male,29.904726648406967,1,0,34.523687679811296,S
104,0,3,Passenger 104,male,53.433826979256324,2,1,77.2188371217639,S
105,0,3,Passenger 105,male,39.27732570684713,0,0,5.690443268318856,S
106,1,2,Passenger 106,male,26.88783715974191,1,0,144.43228108838548,S
107,0,2,Passenger 107,female,39.42937849261825,0,1,30.422321605850474,S
108,1,3,Passenger 108,female,10.959071900765931,3,2,56.48023698399184,S
109,1,1,Passenger 109,male,19.564929332276968,0,2,87.10128483767751,S
110,0,1,Passenger 110,male,13.737129134665128,0,1,53.12340709536182,S
111,1,2,Passenger 111,female,37.04357727522649,0,1,17.983675019126505,C
112,1,1,Passenger 112,male,40.711552495801385,1,0,67.87706111928902,C
113,0,3,Passenger 113,male,27.6926095920245,0,0,25.909242799007238,S
114,1,3,Passenger 114,female,16.90605484890651,2,0,59.768856136957794,S
115,0,3,Passenger 115,male,29.70376359698059,0,0,66.67802802804445,C
116,0,3,Passenger 116,male,22.70130163989289,0,0,6.7470367603331125,Q
117,1,3,Passenger 117,male,18.05743942959383,0,0,44.447162847808414,S
118,0,1,Passenger 118,female,35.0849052796387,0,0,16.745140243988804,S
119,0,3,Passenger 119,male,18.630116662219894,0,0,23.062101367746827,S
120,0,3,Passenger 120,male,6.5047540055386115,0,0,22.80757571202367,S
121,1,3,Passenger 121,female,9.838282944552198,0,0,21.91059297956266,S
122,1,3,Passenger 122,male,5.951092997760757,0,0,92.15991846437525,S
123,0,2,Passenger 123,female,33.712678748643064,0,1,5.1220378277927905,S
124,1,1,Passenger 124,male,32.25608157264246,1,0,3.588221382603453,Q
125,1,1,Passenger 125,female,31.507801417622428,1,0,2.9058034540664366,S
126,0,2,Passenger 126,male,38.81597478719914,0,0,58.50687472125431,Q
127,0,3,Passenger 127,male,47.87938284175675,0,0,9.267952747799022,Q
128,1,3,Passenger 128,male,21.11600203762327,0,0,22.92404751749861,S
129,0,1,Passenger 129,male,36.09716215857627,0,0,17.908632799255006,S
130,0,3,Passenger 130,female,6.305767388911846,0,0,8.27819425410432,S
131,0,2,Passenger 131,female,50.68064619395026,0,0,47.06253444955489,C
132,1,1,Passenger 132,male,11.327531426727646,0,0,17.68182068419321,S
133,1,1,Passenger 133,male,19.348783214393436,0,2,15.835668931574705,S
134,1,2,Passenger 134,female,21.034357294003613,0,2,25.35234695340864,S
135,0,3,Passenger 135,female,7.105935049166817,1,0,41.2962660239883,C
136,1,2,Passenger 136,male,30.48863366112843,3,0,7.698486541322511,S
137,1,3,Passenger 137,male,33.20855802302223,0,0,48.08250297082072,S
138,0,3,Passenger 138,male,27.158794935276752,0,0,85.61440226661632,C
139,1,2,Passenger 139,female,6.896285519533848,1,2,4.825322786157498,S
140,0,3,Passenger 140,male,59.75079352277567,2,0,26.530605182153575,S
141,0,3,Passenger 141,male,38.23846194752472,0,1,14.806670484484739,C
142,0,2,Passenger 142,male,69.51333065474938,0,0,40.41619539372835,C
143,0,3,Passenger 143,female,17.923361401705613,0,2,5.949699936664356,C
144,0,2,Passenger 144,male,44.36823342265465,0,0,102.40527507097472,S
145,1,2,Passenger 145,male,41.68910831091245,0,1,4.023310992346787,Q
146,0,1,Passenger 146,male,25.641373453539565,0,0,15.73234934322588,S
147,0,3,Passenger 147,male,51.16576351588836,0,0,31.009576495693835,S
148,0,3,Passenger 148,male,23.91884988579332,0,0,10.111396489970955,S
149,0,1,Passenger 149,male,24.586628708630894,1,0,8.641692471546977,C
150,1,2,Passenger 150,male,0.0,0,2,25.084136556407216,Q
151,1,3,Passenger 151,male,36.135420806139564,0,2,21.70971638460266,S
152,0,1,Passenger 152,male,10.117351324763902,0,1,20.205163072883686,S
153,1,1,Passenger 153,female,21.73918206456733,0,0,47.403141907167814,S
154,1,3,Passenger 154,female,14.606705418824587,3,1,13.538362288301036,C
155,0,3,Passenger 155,male,24.506526910226075,0,0,27.64908540363384,S
156,0,2,Passenger 156,female,36.658203453261535,0,0,12.102320265805783,S
157,0,3,Passenger 157,male,30.167123445731363,1,0,8.590616596647164,Q
158,1,3,Passenger 158,male,40.6446193575871,0,0,15.108256334470388,S
159,0,1,Passenger 159,male,48.98444303378447,1,0,12.197546351789683,S
160,1,3,Passenger 160,male,24.46806094983247,0,0,12.822432791759576,C
161,0,2,Passenger 161,female,22.821491369758295,0,0,64.41376920592563,S
162,1,3,Passenger 162,female,44.36591480493014,0,1,15.57857458124029,S
163,1,3,Passenger 163,female,45.555709331098946,0,0,10.35110552192888,C
164,1,3,Passenger 164,male,41.1088630215457,1,0,20.65750670242587,S
165,0,1,Passenger 165,male,15.717317898909759,1,0,22.2920015475356,S
166,1,3,Passenger 166,male,36.339825982524054,0,0,6.129534263099829,S
167,0,2,Passenger 167,male,31.642059060709336,0,0,14.903464878161351,C
168,1,1,Passenger 168,male,45.78793412024495,1,0,14.315110760612708,S
169,1,1,Passenger 169,male,21.40691865693377,2,0,16.90916404743685,S
170,1,3,Passenger 170,male,5.000845632751258,0,0,41.49315081601415,S
171,1,3,Passenger 171,male,40.35355200570409,0,0,23.027102025664785,C
172,1,1,Passenger 172,female,0.0,0,1,68.57563847473833,S
173,0,3,Passenger 173,female,19.02729894155505,1,0,19.852692576615357,S
174,1,1,Passenger 174,female,14.652067330225583,0,0,118.63923863622102,S
175,0,3,Passenger 175,male,14.550979936413796,0,1,12.669847858733704,S
176,0,1,Passenger 176,male,18.764527935673566,1,0,9.303936766681522,Q
177,0,3,Passenger 177,male,48.26060354627445,0,0,34.71954117770479,Q
178,0,2,Passenger 178,female,42.30833128509559,0,1,78.5772280085346,S
179,0,3,Passenger 179,male,26.224039770112423,0,0,5.059140946234446,Q
180,0,1,Passenger 180,male,47.00435207788574,0,0,16.494209035963944,S
181,0,2,Passenger 181,female,14.065542672504389,0,0,10.904963525677154,Q
182,0,1,Passenger 182,male,12.025749213792626,0,0,23.16983026989408,S
183,0,3,Passenger 183,male,42.95394988869886,0,0,20.28776354970012,S
184,1,3,Passenger 184,male,38.6946484398397,0,0,77.12143423907366,S
185,0,2,Passenger 185,male,23.096048976250152,1,0,18.02203556307064,S
186,0,3,Passenger 186,male,12.968086594528042,1,0,79.42269026043869,Q
187,0,3,Passenger 187,male,51.8959781255691,0,0,14.65673070847702,S
188,0,3,Passenger 188,male,4.198461735782725,0,0,50.728195237609064,C
189,1,3,Passenger 189,male,21.023610969846594,0,0,25.245881364428268,S
190,1,2,Passenger 190,female,33.42864791276846,0,0,113.2825792720079,S
191,0,1,Passenger 191,male,57.03247212647169,0,0,4.5858943065288305,S
192,0,3,Passenger 192,male,35.746503181098305,0,2,6.272294785859949,S
193,1,3,Passenger 193,male,37.20456979519948,0,0,125.41425333000582,S
194,1,3,Passenger 194,female,21.45924449777809,0,0,9.647848204664157,S
195,0,2,Passenger 195,male,38.52720337911897,0,0,10.279962805969676,S
196,1,2,Passenger 196,male,31.579639813186304,1,0,8.36684117230849,S
197,0,3,Passenger 197,female,6.173031893736628,0,2,63.33549766293266,C
198,1,3,Passenger 198,female,41.894022802396606,0,0,5.734739844470828,S
199,0,3,Passenger 199,male,44.555900847702766,0,2,20.54156536739052,S
200,1,3,Passenger 200,female,42.05047573231744,1,0,15.400164300394575,Q
201,0,3,Passenger 201,male,30.49991888498703,1,0,56.62868072770432,Q
202,1,1,Passenger 202,male,15.657346752755291,0,0,11.430867111107549,C
203,1,1,Passenger 203,male,0.0,0,1,30.42524158275147,S
204,0,3,Passenger 204,male,32.35580408102176,0,0,6.226309779866655,Q
205,0,3,Passenger 205,female,46.229130896112736,0,0,195.18367507176998,C
206,0,1,Passenger 206,male,44.93298703624621,0,0,15.806285467844647,Q
207,0,1,Passenger 207,male,42.24109265090772,1,0,20.26232975161537,S
208,1,3,Passenger 208,female,28.886835321759136,0,2,105.0834040201436,S
209,0,1,Passenger 209,female,46.311962610472456,1,0,11.171068043953243,S
210,0,1,Passenger 210,male,43.86242735783854,0,0,106.41880956810344,S
211,1,3,Passenger 211,male,23.660496589176628,0,0,13.310175606044726,S
212,1,3,Passenger 212,male,40.148970249237706,1,0,39.318619441719825,Q
213,1,3,Passenger 213,female,21.960612818860625,0,2,11.328462451129646,Q
214,1,1,Passenger 214,female,38.10036347425383,0,0,5.175642856192925,S
215,0,3,Passenger 215,female,10.513250335483992,0,0,30.40461331071251,C
216,1,1,Passenger 216,male,11.666822869906177,0,1,38.088157269154706,S
217,1,2,Passenger 217,male,45.87310570415861,3,0,5.3876767249874575,S
218,0,3,Passenger 218,male,44.063401833071474,0,0,14.775075615675583,S
219,0,3,Passenger 219,male,39.504173108637474,3,0,66.7369626124999,S
220,1,3,Passenger 220,male,31.319532315792458,3,0,36.6025880917494,S
221,0,3,Passenger 221,female,0.0,1,0,13.52831637789039,C
222,0,3,Passenger 222,male,28.876860926902655,0,2,11.050484778573336,Q
223,1,1,Passenger 223,male,36.81274750784757,0,0,140.92732403689192,S
224,1,2,Passenger 224,female,21.979001286606128,1,0,4.725946839568635,S
225,1,2,Passenger 225,male,19.31258710787644,0,2,18.931012031858796,C
226,0,2,Passenger 226,female,51.666305822305375,0,0,4.642732651073997,S
227,1,3,Passenger 227,male,29.095665129125823,0,0,74.7997576382086,S
228,0,2,Passenger 228,male,36.821927544635706,0,0,19.94296376800091,S
229,0,3,Passenger 229,male,41.61197192429047,0,2,24.00288627965621,S
230,1,3,Passenger 230,male,14.978443852423833,0,0,320.1828726606941,S
231,1,3,Passenger 231,female,32.89811134071291,0,1,11.095363565574658,C
232,1,3,Passenger 232,male,49.794667417159495,1,1,115.41979972058658,S
233,1,3,Passenger 233,male,57.28834774949582,0,0,13.589101152183218,C
234,0,3,Passenger 234,male,30.59904595822036,2,0,15.902678313255848,S
235,1,1,Passenger 235,male,26.43084678979388,1,1,280.9495895498788,S
236,0,3,Passenger 236,female,34.035361022063,1,0,17.09711306655098,S
237,0,2,Passenger 237,male,33.65455570541282,0,1,5.081612313108403,S
238,1,1,Passenger 238,female,50.8013709919673,1,2,26.626814930931115,S
239,0,3,Passenger 239,female,15.054124662493992,0,0,16.899147465581187,S
240,1,1,Passenger 240,male,25.801903707509673,1,0,28.994200920567412,S
241,0,3,Passenger 241,female,13.242880096852343,0,1,17.573677864477872,S
242,0,3,Passenger 242,male,14.818576713036343,1,1,184.11206409375484,S
243,0,3,Passenger 243,male,35.64861022708686,3,0,35.04860592642912,C
244,1,2,Passenger 244,male,42.147867624555396,0,0,6.8553911523859705,S
245,0,1,Passenger 245,female,20.259124593843822,0,0,22.74958269208929,S
246,1,3,Passenger 246,female,41.58142183462934,1,0,9.02835495974953,C
247,0,2,Passenger 247,male,46.67367985697952,0,0,15.67843431374662,Q
248,0,3,Passenger 248,female,59.02058997650085,1,0,8.08135284179453,S
249,0,3,Passenger 249,male,31.046202732615736,0,0,165.19366670348606,C
250,1,3,Passenger 250,male,20.403532088338004,0,0,10.060485106406723,S
251,0,2,Passenger 251,male,14.962921025911578,3,0,39.94743048992165,S
252,1,2,Passenger 252,female,13.473102031201595,0,0,14.534433787204406,S
253,0,3,Passenger 253,male,48.7467105210541,1,0,6.306537712239215,C
254,0,2,Passenger 254,male,7.273569855665244,0,0,24.474929377071675,S
255,1,1,Passenger 255,male,48.26622728476801,0,0,29.98483749569038,S
256,1,3,Passenger 256,male,16.973384561217767,0,0,35.11493479654559,S
257,0,3,Passenger 257,male,19.721907032108916,0,0,1.459043151903084,S
258,1,3,Passenger 258,male,27.726668174850303,1,0,5.842473702382627,S
259,1,3,Passenger 259,female,19.44518175650233,0,2,52.32920975168134,S
260,1,1,Passenger 260,male,43.97969632439363,0,0,7.975649101458799,S
261,1,3,Passenger 261,male,57.20015927974163,0,2,24.604861621676456,S
262,0,3,Passenger 262,male,20.138517636702932,1,0,5.708608534669904,S
263,1,1,Passenger 263,female,23.516432412530598,0,0,41.74589412537872,S
264,0,3,Passenger 264,female,27.550187890741526,1,2,50.97165000938212,S
265,0,3,Passenger 265,male,38.11585145238956,0,0,41.75878741569703,C
266,0,3,Passenger 266,female,27.697735815662153,0,0,56.40494389378904,S
267,1,3,Passenger 267,male,50.80886116578894,1,0,95.95699716379883,S
268,1,3,Passenger 268,male,47.19935874842891,0,0,6.208540650387814,S
269,0,2,Passenger 269,male,12.218064696073498,0,0,9.12783073457415,S
270,1,2,Passenger 270,male,37.81452248362243,0,0,49.281244388861005,Q
271,0,3,Passenger 271,male,52.80508855964254,0,0,62.19158939283124,S
272,0,3,Passenger 272,female,22.57828581349675,1,0,10.233401697376053,C
273,0,3,Passenger 273,female,25.58602692309665,0,2,9.545920922129467,S
274,0,3,Passenger 274,female,22.07944503220567,1,0,10.462385690005897,S
275,1,3,Passenger 275,male,22.393865767147414,0,0,4.0345914133230325,S
276,1,3,Passenger 276,male,4.973226721334282,0,1,5.632699532039752,S
277,0,3,Passenger 277,female,10.075275728024238,2,0,5.7702035371653775,S
278,0,3,Passenger 278,male,31.162105781058447,0,0,14.967804477624584,S
279,0,3,Passenger 279,male,52.70396961979168,0,0,26.333358403601398,C
280,0,3,Passenger 280,male,20.799587812225756,0,0,30.98405854215199,Q
281,1,3,Passenger 281,female,20.358640455771628,0,0,12.078629652680746,S
282,1,2,Passenger 282,male,55.522816056311015,0,1,12.379141061606301,S
283,0,2,Passenger 283,male,13.376138072760199,0,2,22.729451242753445,S
284,1,1,Passenger 284,female,5.081352559403673,0,0,4.499586226358692,S
285,0,3,Passenger 285,male,17.572268457937504,0,0,52.42798596637839,S
286,1,1,Passenger 286,male,20.05823281808451,0,0,72.63052434663831,S
287,0,3,Passenger 287,male,3.788203729574022,0,0,10.744772554584156,S
288,1,3,Passenger 288,male,28.07937440588083,0,2,13.484809647886236,C
289,1,2,Passenger 289,female,44.22669524792303,0,0,69.63812740175968,C
290,1,3,Passenger 290,male,10.710678394277608,2,0,17.759994164883278,S
291,0,1,Passenger 291,male,31.313673284303835,0,1,36.170557021841375,Q
292,1,1,Passenger 292,female,35.9390351344016,1,0,18.31452766166297,Q
293,1,3,Passenger 293,female,28.749235870885602,0,0,95.23117802850969,C
294,0,2,Passenger 294,female,32.78538884611589,0,0,32.788558497866376,S
295,1,1,Passenger 295,male,32.959908938928166,0,1,34.73180271310293,S
296,0,3,Passenger 296,male,17.80908064622352,0,0,35.385655945108276,S
297,0,3,Passenger 297,female,52.47873858017802,0,1,11.529238231047469,S
298,0,1,Passenger 298,female,48.71635251114323,0,0,12.638666226269544,S
299,0,3,Passenger 299,male,47.84867095861752,0,1,43.34735297087341,S
300,0,1,Passenger 300,male,45.20513610815795,2,1,22.79207366928779,C
301,1,1,Passenger 301,male,6.375307958504642,0,0,6.186620597814232,C
302,0,3,Passenger 302,female,43.89093566717949,0,0,130.72611699114745,S
303,0,3,Passenger 303,male,39.83402141324262,1,0,53.41394569975337,S
304,0,3,Passenger 304,male,6.952145775843249,0,0,20.85567980474935,S
305,1,3,Passenger 305,male,26.776344672748827,0,0,15.279300718575788,S
306,1,3,Passenger 306,female,34.15190173987932,1,0,24.5000671295873,S
307,1,3,Passenger 307,female,54.96475647186953,1,0,33.700750230980766,C
308,1,2,Passenger 308,male,40.87085786841388,1,0,2.630040550021537,Q
309,0,3,Passenger 309,female,17.031514090825475,0,0,166.06008978067368,Q
310,1,2,Passenger 310,female,55.43082687677945,0,0,9.116771058870347,Q
311,0,2,Passenger 311,male,30.656696440708338,2,0,20.047297707956886,S
312,0,1,Passenger 312,male,26.162382946453626,0,1,20.798209115397174,Q
313,0,1,Passenger 313,male,25.093227051167815,0,0,147.94642554789732,Q
314,0,3,Passenger 314,female,5.646671429653001,0,0,18.391271167665714,S
315,1,3,Passenger 315,male,28.353457442757865,0,2,98.34751664650356,S
316,0,3,Passenger 316,male,37.46227885958487,0,0,30.16636220880724,Q
317,0,2,Passenger 317,female,24.219250087121765,0,2,7.676127112915102,C
318,0,1,Passenger 318,male,36.30678715871338,0,0,22.98191191630733,S
319,1,1,Passenger 319,female,17.03413393628729,0,0,17.84085903689835,S
320,0,2,Passenger 320,male,27.886081285835704,1,0,6.793250291925675,S
321,0,3,Passenger 321,male,34.74810489912948,0,0,28.723705845461268,S
322,0,3,Passenger 322,female,32.84491315595131,0,0,20.534425078181034,S
323,1,3,Passenger 323,female,5.918023654214306,0,0,35.03759771858973,S
324,1,2,Passenger 324,male,23.41491073693157,0,0,24.369997854494535,S
325,0,3,Passenger 325,female,55.16194395468909,0,0,10.474011596071728,S
326,0,3,Passenger 326,female,22.613308885042233,0,0,43.30785348242657,C
327,0,3,Passenger 327,male,30.23711316167759,1,0,10.757484229686566,S
328,0,3,Passenger 328,female,28.698663741765834,2,0,0.9051355904678604,S
329,0,2,Passenger 329,male,53.52359638379477,0,0,22.843187845168448,C
330,1,2,Passenger 330,male,49.355521832920054,0,2,11.541234980934613,S
331,0,2,Passenger 331,male,42.11296499728214,0,0,29.433412375326633,S
332,0,3,Passenger 332,female,15.401365299411996,1,2,148.2458042970471,S
333,1,1,Passenger 333,female,35.387745737881204,1,1,152.58772753134687,S
334,1,1,Passenger 334,male,38.51912614612698,0,0,17.028307014410768,S
335,1,1,Passenger 335,male,19.520927466059184,0,0,8.788858403068378,S
336,1,1,Passenger 336,male,16.942243412284668,1,0,36.04194077662151,Q
337,0,3,Passenger 337,male,55.57521220810545,0,0,13.870640445487563,S
338,1,3,Passenger 338,female,25.487950316746065,0,0,29.7187013385966,S
339,0,3,Passenger 339,female,54.224652283667226,0,0,10.372304631116759,S
340,1,1,Passenger 340,male,44.956406332418005,0,0,25.808203745670763,S
341,0,3,Passenger 341,female,36.11815173562982,1,0,8.91759104328519,S
342,0,3,Passenger 342,male,36.78797154539227,2,0,65.64447350593312,S
343,0,1,Passenger 343,female,8.993706595038486,0,0,11.134209538129612,C
344,1,2,Passenger 344,female,33.101621697516244,0,1,38.90421251887353,S
345,0,2,Passenger 345,male,51.2553061947244,0,0,5.670247212143302,S
346,1,3,Passenger 346,male,40.220092547784134,0,0,43.867505685559024,S
347,0,3,Passenger 347,female,32.31505030596615,0,0,7.641668204608638,C
348,1,1,Passenger 348,male,55.67905793725545,0,0,26.08021046425998,Q
349,0,2,Passenger 349,male,27.22438916008794,0,0,55.87968924990555,S
350,1,3,Passenger 350,male,20.706664874674736,0,0,16.444928000694794,S
351,1,3,Passenger 351,male,32.30747874117385,0,0,7.176652790924525,S
352,1,3,Passenger 352,male,41.49701052167394,0,0,33.01006474161325,S
353,1,3,Passenger 353,female,4.2330885628760875,0,2,8.662631987164499,S
354,1,1,Passenger 354,female,34.27302965235626,0,2,13.40669757076322,S
355,1,1,Passenger 355,male,42.15517523304465,3,0,26.192226270180463,C
356,0,3,Passenger 356,female,25.955375620547088,0,0,78.3100569583966,S
357,0,1,Passenger 357,male,46.604471494539624,0,0,20.6260193452498,Q
358,1,3,Passenger 358,female,39.61779993616605,1,0,20.549929491075144,S
359,0,3,Passenger 359,female,62.120746777666156,3,0,41.99341808004635,S
360,1,3,Passenger 360,male,18.74095653628177,0,0,21.12319860926297,S
361,0,2,Passenger 361,female,42.460647757441336,1,2,37.92195378148661,S
362,0,3,Passenger 362,male,14.740141383038928,0,0,59.058799307473116,S
363,0,3,Passenger 363,male,5.769503230849111,0,0,14.472681670973488,S
364,0,3,Passenger 364,female,0.0,0,0,0.759564046043693,C
365,0,3,Passenger 365,male,38.0748603359539,0,0,8.864662842876939,S
366,0,2,Passenger 366,male,32.76371870916154,1,0,67.26782309715102,C
367,0,3,Passenger 367,male,22.814234139573692,0,2,19.418674741675773,S
368,0,3,Passenger 368,female,3.397434990755805,0,0,14.308728405559174,C
369,1,1,Passenger 369,male,19.644200607919856,0,0,64.50772558903085,C
370,0,1,Passenger 370,male,30.061395115131845,0,0,18.150082093710942,S
371,1,1,Passenger 371,female,41.89754050189647,0,0,2.4780371976459548,S
372,0,1,Passenger 372,female,29.751963746285615,1,0,4.457989764568483,S
373,1,1,Passenger 373,male,33.780905140579165,1,0,30.528113733833692,C
374,0,3,Passenger 374,male,24.358014285387963,1,0,18.78594640048026,S
375,0,1,Passenger 375,male,56.23836303790732,1,1,86.02659381247126,C
376,0,2,Passenger 376,male,14.726255335076582,0,0,9.64781356588498,S
377,0,3,Passenger 377,male,19.511426740723085,1,0,14.739032368966358,S
378,1,1,Passenger 378,female,22.614628890097304,0,0,8.293706108277407,S
379,0,3,Passenger 379,female,38.14056596965086,0,1,11.934171292552687,S
380,1,2,Passenger 380,male,14.417103153196791,0,0,3.028586771727854,S
381,1,1,Passenger 381,male,32.03577885821998,0,0,13.657862128793452,S
382,1,3,Passenger 382,female,32.47365215139836,0,0,19.07028064796597,S
383,0,3,Passenger 383,male,19.584630438999298,0,0,17.525713713387184,S
384,0,3,Passenger 384,female,34.949691914352854,1,0,172.35447612032212,S
385,0,3,Passenger 385,male,14.882791518938532,0,1,125.64802896745395,C
386,0,3,Passenger 386,male,13.243887863073809,0,0,9.479205730353698,S
387,1,2,Passenger 387,female,31.49408634782161,2,0,2.601435232819513,S
388,0,1,Passenger 388,male,5.103666217829058,0,0,18.188684083654586,S
389,0,3,Passenger 389,female,0.0,0,1,29.268449827704885,C
390,0,3,Passenger 390,male,37.992499511952005,0,0,8.495324273024275,C
391,0,3,Passenger 391,male,45.73454913886755,0,0,8.92649986881078,S
392,1,2,Passenger 392,female,22.99795321961206,0,0,97.76385904357804,S
393,0,2,Passenger 393,male,19.97894021853344,0,0,15.524950336150198,C
394,0,3,Passenger 394,female,45.0830283896184,0,0,38.948886567026044,S
395,0,2,Passenger 395,male,12.816926730016199,0,0,7.922400886679804,S
396,0,3,Passenger 396,male,9.549410629182624,0,0,18.97380874882188,S
397,0,3,Passenger 397,female,40.61454635562731,0,0,14.348733010629717,C
398,0,2,Passenger 398,male,30.13557279768461,0,0,10.222863804190663,Q
399,0,3,Passenger 399,male,45.973151089353564,1,0,63.77111924949612,S
400,0,3,Passenger 400,male,0.0,0,0,5.008432492372506,C
401,0,1,Passenger 401,male,8.989890133221554,0,1,27.11417965400303,Q
402,0,3,Passenger 402,male,30.214980897662347,1,2,14.081731858918591,S
403,0,3,Passenger 403,female,36.265105477256796,0,2,30.411611175020063,S
404,1,3,Passenger 404,female,42.704956315341875,0,1,14.273766867984364,Q
405,0,2,Passenger 405,female,32.62226653213167,0,0,47.80800346170986,C
406,0,3,Passenger 406,female,32.469827330378536,1,0,7.848303562467384,C
407,0,2,Passenger 407,female,24.15897685454702,1,0,63.9149435027012,Q
408,1,1,Passenger 408,female,53.86357357356776,0,0,19.515271351970423,S
409,0,3,Passenger 409,male,13.454648167942533,1,0,5.320128573352291,S
410,0,1,Passenger 410,female,35.38530228833908,0,0,39.6549370424848,S
411,1,2,Passenger 411,female,15.182867481179702,0,0,16.46357321569145,S
412,0,3,Passenger 412,male,38.021678187075146,0,0,3.6406494055737015,S
413,0,3,Passenger 413,male,14.444736459183504,0,0,28.007381033022583,Q
414,0,3,Passenger 414,male,41.15723547750687,1,2,54.95945410501489,S
415,1,3,Passenger 415,male,31.681574202367756,0,0,72.39489170633676,S
416,1,2,Passenger 416,female,56.16958759888022,0,0,13.758380335487054,S
417,1,2,Passenger 417,male,25.784705290926215,2,2,23.22706178929684,C
418,0,2,Passenger 418,male,36.37449174371318,0,0,21.12667252294243,S
419,1,3,Passenger 419,female,18.305155793089355,0,0,89.1038578546443,S
420,0,3,Passenger 420,male,25.68160490338058,0,0,8.930848593369992,S
421,1,3,Passenger 421,male,31.586242191665292,1,0,12.620728077413219,C
422,0,3,Passenger 422,male,7.09170116292939,1,1,8.717039649545594,S
423,1,1,Passenger 423,female,8.735640987228418,0,0,4.715474168020937,S
424,0,3,Passenger 424,female,38.99788949753468,0,0,25.73333365987547,S
425,1,1,Passenger 425,male,27.808697677024806,0,0,99.61356317523743,S
426,0,3,Passenger 426,female,21.10610200427967,1,0,16.469588210603018,C
427,1,2,Passenger 427,male,18.945207293748666,0,2,8.315351447653626,Q
428,0,3,Passenger 428,female,19.522668064144597,0,0,24.212274183146473,S
429,0,2,Passenger 429,female,31.688260725123428,2,0,36.20213803299711,S
430,0,1,Passenger 430,female,36.67553796174285,0,0,17.17812655456094,S
431,0,1,Passenger 431,male,0.0,0,0,81.73933413379925,S
432,1,3,Passenger 432,female,51.19251085154838,0,2,8.914133989017852,S
433,0,3,Passenger 433,female,50.125511444129884,2,0,15.074888760091827,C
434,1,1,Passenger 434,male,0.0,0,0,27.004078356630462,S
435,0,1,Passenger 435,female,46.28890044484196,0,0,29.754005233216557,S
436,0,3,Passenger 436,male,45.82828276996564,0,1,21.056895681390763,S
437,1,1,Passenger 437,female,30.006682412813177,0,0,5.593359427815037,S
438,0,3,Passenger 438,male,10.542470671726853,0,1,208.09847480047202,S
439,0,3,Passenger 439,female,45.22842137497608,0,0,15.863646137381021,C
440,1,1,Passenger 440,male,26.381534005539727,3,2,22.427043249176904,S
441,1,1,Passenger 441,male,38.233182657284345,0,0,37.21683055266323,C
442,0,3,Passenger 442,male,63.288019079426675,0,0,10.628027733301641,S
443,1,2,Passenger 443,male,33.77755125935428,0,0,21.262105863854302,Q
444,1,2,Passenger 444,male,16.246729624221572,0,0,10.204305737513344,S
445,0,3,Passenger 445,male,24.964035076204176,1,2,30.43370591695783,S
446,0,3,Passenger 446,male,18.158319596385184,0,1,15.240819952130579,S
447,0,3,Passenger 447,male,36.50234576172784,0,0,26.2776436749705,Q
448,0,3,Passenger 448,male,17.908986618752927,0,0,7.053067675893461,S
449,0,2,Passenger 449,female,22.90722866475535,0,0,8.767779362966454,S
450,0,1,Passenger 450,male,10.733544383886002,0,0,5.128736451752592,S
451,0,3,Passenger 451,female,28.018694917212848,0,0,9.8697045679659,C
452,1,3,Passenger 452,female,32.65132189953074,1,0,1.5318493887984543,S
453,1,2,Passenger 453,female,0.0,2,0,14.774456748308133,S
454,0,3,Passenger 454,male,33.89360342220331,0,0,11.772422594907393,Q
455,1,1,Passenger 455,female,29.31449653354831,2,0,23.357332572640857,S
456,0,3,Passenger 456,male,18.52512076865809,0,0,21.00179109730551,S
457,1,1,Passenger 457,male,60.42943386404809,0,0,70.60350354004936,S
458,1,3,Passenger 458,male,44.377147914071315,0,2,268.8921002372017,S
459,0,1,Passenger 459,female,13.553962707728978,0,0,62.64845455686784,S
460,1,1,Passenger 460,male,42.57355319356711,0,0,12.767366338830575,S
461,1,1,Passenger 461,male,48.66747114031587,0,0,12.263277778615882,S
462,0,3,Passenger 462,female,31.98031383926336,0,1,47.87833196962121,S
463,0,3,Passenger 463,female,35.421630554209884,0,0,3.7309216915647796,S
464,0,3,Passenger 464,male,35.075200003823866,0,0,14.65522714947793,S
465,1,3,Passenger 465,male,0.0,1,0,15.829053252843048,C
466,1,2,Passenger 466,female,27.19695604724401,0,0,36.022058424271314,S
467,0,2,Passenger 467,male,26.416307370239572,0,0,37.1092530228616,S
468,0,3,Passenger 468,male,51.45233454839817,0,1,9.53948460728263,Q
469,1,1,Passenger 469,male,35.005917953428096,0,1,13.271612269581079,Q
470,1,3,Passenger 470,female,25.535835568249578,1,0,31.346551305783684,S
471,0,1,Passenger 471,female,28.64812888513483,0,0,9.034759853226246,S
472,0,3,Passenger 472,female,45.350783724411016,0,2,67.09559776687011,S
473,1,1,Passenger 473,female,27.231230051320267,1,0,36.93557702005033,S
474,0,3,Passenger 474,male,19.527067003625863,0,1,23.843450040599794,C
475,0,3,Passenger 475,male,25.864467106187004,0,0,29.693869141298375,S
476,0,3,Passenger 476,male,44.11044215734023,0,2,12.592600544229528,S
477,1,1,Passenger 477,male,37.44247358396905,1,0,10.737138050365909,S
478,0,3,Passenger 478,male,30.664019600236706,0,2,13.134965333152541,Q
479,0,3,Passenger 479,female,32.87308949167245,0,0,33.11434897619254,S
480,1,3,Passenger 480,male,21.60386289606777,0,0,24.557442882802842,Q
481,0,3,Passenger 481,female,27.090758993360197,0,2,13.161363636282127,S
482,1,3,Passenger 482,male,20.05043517338224,0,0,42.50330099172261,S
483,0,3,Passenger 483,male,25.578310735503848,0,0,16.878718662447817,S
484,0,3,Passenger 484,male,50.19267395439937,0,0,10.04112595020931,Q
485,1,3,Passenger 485,male,13.831922829342151,2,1,25.902552327111295,S
486,0,3,Passenger 486,female,19.669235003656276,1,2,7.293404804641468,S
487,1,1,Passenger 487,male,11.185517055963722,0,0,3.716477273230051,S
488,0,2,Passenger 488,male,7.936368642186025,1,1,19.98327001882626,S
489,0,3,Passenger 489,male,27.198421287070627,0,0,10.408119329225375,S
490,0,3,Passenger 490,male,20.7358622729882,0,0,15.577781673248975,S
491,0,3,Passenger 491,male,56.425333961882885,0,0,7.6390028821671905,S
492,1,3,Passenger 492,female,25.7573018073331,1,0,67.2846508260085,S
493,0,2,Passenger 493,female,49.34095295145036,1,0,10.36575159530722,C
494,1,1,Passenger 494,male,44.520097124109505,0,2,13.039727014769545,S
495,0,3,Passenger 495,female,26.86568767163979,2,0,29.308666802261207,S
496,1,2,Passenger 496,male,61.65203373128435,0,0,5.070227567363359,C
497,0,3,Passenger 497,male,34.02800979697213,1,2,4.708880654214223,S
498,1,1,Passenger 498,male,52.69513899005983,3,0,29.398769969385633,S
499,0,3,Passenger 499,male,50.94895337371896,0,1,12.871973739187005,S
500,0,3,Passenger 500,male,36.219719776571736,1,0,8.153969738187568,S
501,0,3,Passenger 501,male,41.26696271708776,0,1,36.72189506510059,C
502,0,3,Passenger 502,male,39.361071226792134,0,0,8.91805916833247,S
503,0,2,Passenger 503,male,12.836078529124379,0,2,15.2638563014903,C
504,0,3,Passenger 504,male,30.859355316795245,0,0,8.197830384686592,S
505,1,3,Passenger 505,female,46.1137085091699,2,0,27.205990451745432,C
506,1,1,Passenger 506,male,52.89279476042492,0,0,76.10212533899701,Q
507,0,3,Passenger 507,male,19.190404922520756,0,0,3.123518437189083,S
508,0,3,Passenger 508,male,37.932469527195295,1,0,22.480711811810743,S
509,0,3,Passenger 509,male,32.26305319916302,2,0,47.30369646860527,S
510,0,3,Passenger 510,male,28.231889031276065,0,0,13.177650526743847,S
511,0,3,Passenger 511,male,35.34003943837539,3,0,6.481536689581892,C
512,0,2,Passenger 512,male,33.26996115999206,0,0,30.59888367633638,Q
513,0,3,Passenger 513,male,38.121113533088824,1,0,54.6885029374377,S
514,0,3,Passenger 514,male,51.625751414250786,0,0,48.93643336470879,C
515,1,1,Passenger 515,male,41.7619138629705,0,0,28.95981959126809,S
516,1,1,Passenger 516,male,34.65886888309054,0,0,22.15168880512994,S
517,1,2,Passenger 517,male,57.96937585234618,0,0,8.174237535588627,S
518,0,3,Passenger 518,male,46.648943938205036,0,0,47.71495879690928,S
519,1,3,Passenger 519,female,28.614023420949774,0,0,45.14848901233541,S
520,0,1,Passenger 520,male,11.743193964706421,0,1,6.436221738272806,S
521,0,3,Passenger 521,male,15.182539786193017,1,0,28.91844792132739,Q
522,0,2,Passenger 522,male,43.99848672473451,0,0,38.583467264863984,C
523,0,3,Passenger 523,female,20.54531281120528,0,0,48.5266810816852,S
524,0,3,Passenger 524,male,14.87916784332078,0,0,18.634419490433007,S
525,1,3,Passenger 525,male,18.628720099692007,0,0,8.520137045409808,S
526,0,3,Passenger 526,male,19.689235318639497,1,0,12.156740870985592,S
527,0,2,Passenger 527,male,42.759715016733765,1,0,7.3356802057138335,C
528,0,2,Passenger 528,male,27.648868863265857,0,0,19.085699453024073,S
529,1,1,Passenger 529,male,9.414380995508914,0,0,15.691428430627926,S
530,0,3,Passenger 530,female,30.46567346643535,1,0,171.57773355021592,C
531,0,3,Passenger 531,male,33.333991986723625,0,0,49.14018552080835,S
532,0,3,Passenger 532,female,22.809947078387225,1,0,52.96059078588301,C
533,0,3,Passenger 533,female,47.3382762628905,0,2,32.180236500168206,S
534,1,3,Passenger 534,male,23.68591671461573,1,0,13.911034210725132,S
535,1,3,Passenger 535,male,46.62506529955726,0,0,15.250465713570682,S
536,0,3,Passenger 536,male,38.951741695124646,0,2,16.71206143224028,S
537,1,3,Passenger 537,male,43.89908262066611,2,0,24.245554299013083,S
538,1,2,Passenger 538,male,13.521737387904079,0,0,29.641334120364476,S
539,1,3,Passenger 539,female,31.47465288357154,0,1,20.099775134829212,S
540,1,1,Passenger 540,female,29.207579931378465,0,1,15.020283525015536,S
541,0,3,Passenger 541,male,8.669902126387004,0,0,11.08823204171879,S
542,0,3,Passenger 542,male,46.57591094704364,0,0,4.9895775268271985,C
543,1,1,Passenger 543,female,17.738986546389754,0,0,72.48496529011595,S
544,0,3,Passenger 544,female,20.856482567460258,0,2,182.27737552770853,S
545,0,3,Passenger 545,female,14.800262466034113,0,0,66.64211805742137,C
546,0,2,Passenger 546,male,40.5177948910556,1,0,5.7026693604513605,S
547,1,1,Passenger 547,male,7.111054218411063,0,1,44.124561152027695,S
548,0,3,Passenger 548,male,39.268122006968525,0,0,55.911847664943615,C
549,0,3,Passenger 549,male,45.66770979365191,0,0,13.417533225927816,S
550,1,3,Passenger 550,male,38.05767641438641,0,0,32.7507950996684,S
551,0,3,Passenger 551,male,40.68942725769644,0,0,12.72663405905257,S
552,0,3,Passenger 552,female,41.39319704367064,0,1,92.65926936258717,Q
553,0,3,Passenger 553,male,15.758635099113537,0,0,28.94423136659409,S
554,1,3,Passenger 554,male,51.52102469496516,0,1,8.027270108916527,S
555,0,3,Passenger 555,male,23.09885618799752,0,0,39.24437406413909,S
556,1,2,Passenger 556,male,29.004185736150422,0,0,57.90366454392541,C
557,1,1,Passenger 557,male,25.010440224735614,0,2,24.486737663716124,C
558,1,1,Passenger 558,male,37.37313181315964,0,0,32.44160460305557,S
559,0,3,Passenger 559,female,21.929441352938667,0,0,18.7322487523073,S
560,0,3,Passenger 560,male,31.00373586356053,0,0,6.460582906019929,Q
561,0,3,Passenger 561,male,11.469842742809927,1,1,17.257834971049736,Q
562,1,1,Passenger 562,male,47.469978127523575,0,0,33.887276957911716,S
563,1,1,Passenger 563,female,40.06111418925305,0,0,17.671852720379896,C
564,0,1,Passenger 564,female,25.61610357147346,0,0,44.73541307326742,S
565,1,2,Passenger 565,female,22.962764549612846,0,0,13.569416027013748,C
566,0,3,Passenger 566,male,39.66942369476545,0,1,14.48928154879018,Q
567,1,2,Passenger 567,male,19.39059929046057,0,0,46.11415708574015,S
568,0,2,Passenger 568,male,31.880479736477536,1,0,25.074528167037037,S
569,0,3,Passenger 569,male,47.420981811471094,0,0,13.306843061930701,S
570,0,2,Passenger 570,female,17.831143212942113,2,0,56.475413040151544,S
571,0,3,Passenger 571,male,35.52901243680304,0,2,10.087169624183913,S
572,0,3,Passenger 572,female,34.735879004032384,0,0,9.708978160547955,S
573,1,2,Passenger 573,female,28.539947720059757,0,2,1.1859583583264828,C
574,1,3,Passenger 574,male,22.44315623844095,0,0,11.54244893636473,S
575,0,3,Passenger 575,female,48.22195585341578,0,0,74.34501916414328,S
576,1,3,Passenger 576,male,21.036470463495508,0,2,2.5287049995941873,S
577,1,1,Passenger 577,male,2.819416483055697,0,0,7.752999957621797,C
578,1,3,Passenger 578,male,39.60800387446551,2,0,31.157922784337998,S
579,1,3,Passenger 579,male,11.980449753482489,1,2,2.1278949956388775,S
580,1,2,Passenger 580,male,40.37821717282631,0,0,12.052852892634935,S
581,0,3,Passenger 581,male,50.023548717651664,0,0,62.857057230294224,C
582,1,3,Passenger 582,male,39.44624817598012,0,0,154.9381185200361,C
583,0,3,Passenger 583,male,46.07116952831237,0,0,26.849483000498967,S
584,0,2,Passenger 584,male,60.300736603944706,0,0,7.952870890327234,Q
585,0,3,Passenger 585,male,44.5014069391342,0,0,7.689619183974222,S
586,1,2,Passenger 586,male,34.958600889381536,0,0,23.21753864934253,S
587,1,1,Passenger 587,male,54.50922275285472,0,1,26.60138603914978,S
588,1,1,Passenger 588,female,56.32163317269877,3,0,128.75723859470625,S
589,1,1,Passenger 589,female,56.53157674889131,1,0,53.02719273972124,S
590,1,1,Passenger 590,female,22.61784727205996,2,0,21.84793672210255,S
591,0,1,Passenger 591,female,9.68972462252394,0,0,14.364972050180691,C
592,0,3,Passenger 592,male,21.702117248476696,0,0,409.4077934432916,C
593,0,1,Passenger 593,female,40.554624236897624,0,1,37.584615333266974,S
594,0,2,Passenger 594,male,32.38738417998159,0,0,10.290779358884766,C
595,0,3,Passenger 595,male,26.902785222347294,0,1,16.044675923903217,S
596,0,3,Passenger 596,female,38.40722098207403,0,2,8.35236940757964,C
597,0,3,Passenger 597,male,7.937923774900991,0,0,1.8138478525173587,S
598,1,1,Passenger 598,female,32.11753948037312,0,0,27.457819511797968,S
599,1,1,Passenger 599,female,46.776864672718155,0,0,119.39701689976391,S
600,0,1,Passenger 600,female,38.23973466837343,0,0,3.9331585200182895,C
601,1,1,Passenger 601,female,40.37714732750593,0,1,21.226758854513673,S
602,0,2,Passenger 602,male,53.960591849287724,0,2,9.905550146028869,Q
603,0,1,Passenger 603,male,29.007850726894997,0,0,33.83522858616358,S
604,1,1,Passenger 604,male,20.203625079744953,0,0,16.90602121313292,C
605,1,1,Passenger 605,male,47.842725639975626,2,2,5.154887767146732,S
606,0,3,Passenger 606,male,47.56680946550891,0,2,7.530009369121447,S
607,1,1,Passenger 607,female,38.37437512133695,1,0,8.755652291741999,S
608,0,2,Passenger 608,female,27.594434991263277,0,0,77.03949465757226,S
609,1,3,Passenger 609,male,30.020694765119774,0,0,73.20467440572592,C
610,0,3,Passenger 610,male,10.8484057180337,0,2,14.711832660562372,S
611,1,1,Passenger 611,male,46.694197953108045,0,0,68.56645585606876,S
612,0,3,Passenger 612,male,46.16476964293715,0,0,16.891594994360037,S
613,0,3,Passenger 613,female,10.324758742998242,1,0,14.488239357771743,S
614,1,1,Passenger 614,male,43.01448125859204,0,0,21.266176238925887,C
615,0,3,Passenger 615,male,36.06152482513512,0,0,26.704318092042314,S
616,0,3,Passenger 616,male,14.670388344138058,0,2,11.525422033084608,C
617,1,1,Passenger 617,male,11.909996983912958,2,0,20.529558838677886,S
618,1,2,Passenger 618,male,35.60239904102583,0,0,44.13806250918713,S
619,1,3,Passenger 619,male,24.03443829139623,0,0,22.86345168255069,S
620,1,3,Passenger 620,male,57.299232758245054,0,0,20.96350150683658,Q
621,1,1,Passenger 621,male,44.288975919733595,1,0,32.92328684656994,S
622,1,1,Passenger 622,male,37.10539705098341,3,0,39.122825179880685,S
623,0,2,Passenger 623,female,37.846185060035914,0,0,18.86643054890634,S
624,0,3,Passenger 624,male,49.96300770550751,1,0,12.50112878363298,C
625,0,3,Passenger 625,male,42.697771375910065,1,0,24.269084643528068,Q
626,1,2,Passenger 626,male,37.49649657744034,0,0,4.079752277104097,Q
627,1,3,Passenger 627,female,15.29608235553735,0,2,16.275778230540553,S
628,0,3,Passenger 628,male,75.92920448109328,0,2,1.6962841959284456,C
629,1,1,Passenger 629,female,13.452258640376503,3,0,3.7592076979361106,S
630,0,2,Passenger 630,male,25.311858943497533,0,0,3.2343052698182575,Q
631,1,3,Passenger 631,male,5.179075853850037,1,2,57.24565489096962,S
632,0,3,Passenger 632,male,38.08197238153893,0,0,20.368341658839764,S
633,0,3,Passenger 633,male,32.266656559272114,1,1,5.685681385700009,S
634,0,3,Passenger 634,female,41.479146575471404,0,2,32.820917587278366,S
635,0,1,Passenger 635,male,3.914015533433492,0,0,53.98220630359156,Q
636,0,2,Passenger 636,male,46.693585010713974,1,0,33.39765059853554,C
637,0,3,Passenger 637,male,17.88846897795578,1,2,16.631356702509855,Q
638,1,2,Passenger 638,male,27.76492200954202,1,0,25.342596051930403,S
639,1,2,Passenger 639,male,43.97356903021597,0,0,49.47643685670099,S
640,0,2,Passenger 640,male,33.91900026197849,1,0,12.562977089067035,S
641,1,1,Passenger 641,female,34.979138350002955,0,0,20.694478452364333,S
642,1,2,Passenger 642,male,41.98768229858099,0,0,15.530517440778127,S
643,0,1,Passenger 643,male,36.431859599080866,0,0,4.001159312878834,S
644,0,2,Passenger 644,female,24.88338146176924,0,2,50.227776009616655,S
645,0,1,Passenger 645,male,27.502963076471566,0,0,157.16117403732267,Q
646,0,3,Passenger 646,female,33.17818017977734,3,0,8.382996086004116,S
647,0,3,Passenger 647,male,16.566658596804977,0,0,52.5981124903693,S
648,0,3,Passenger 648,female,44.94012989083004,0,0,8.653866542811665,S
649,0,3,Passenger 649,male,34.32980896211226,0,0,22.93783693742812,S
650,0,3,Passenger 650,female,31.121644018829528,0,2,90.74127032841821,S
651,0,1,Passenger 651,female,47.88744838547206,0,1,11.93602352762762,C
652,0,3,Passenger 652,male,28.198295351829454,2,0,19.79270797167061,S
653,0,3,Passenger 653,female,27.263685042713746,1,0,3.315130546786773,S
654,1,3,Passenger 654,male,22.730568539940535,1,0,10.337681897189976,C
655,0,2,Passenger 655,male,35.14600513388903,3,0,2.9853818989247296,S
656,1,1,Passenger 656,male,34.62675162497272,0,0,30.851276276202405,S
657,1,2,Passenger 657,male,20.005736992351398,0,0,46.13803015039392,S
658,0,2,Passenger 658,male,27.334590343299,0,2,16.092689707305983,Q
659,0,3,Passenger 659,male,20.105965972211507,0,0,26.73268481866789,S
660,1,3,Passenger 660,male,19.426973192767644,0,0,14.501753088151792,S
661,1,2,Passenger 661,female,4.051532524097297,0,1,42.12095523382848,S
662,1,3,Passenger 662,female,26.53634619477667,0,0,22.861675168074783,S
663,1,3,Passenger 663,male,4.46680100879983,0,0,2.7575335646346875,S
664,0,1,Passenger 664,male,23.057764704907335,0,0,51.41761500314903,S
665,0,1,Passenger 665,male,20.809580311835873,0,0,13.605269833111985,S
666,1,1,Passenger 666,male,45.778425858984065,0,1,5.6385138487446955,S
667,0,2,Passenger 667,male,14.775977905355374,0,0,12.949614607395095,S
668,1,1,Passenger 668,male,18.582204227782867,0,1,2.9979548857553624,C
669,1,1,Passenger 669,male,24.277137912126413,1,0,5.755239681099738,S
670,0,2,Passenger 670,female,21.29784522745836,0,0,23.172114861131462,S
671,0,1,Passenger 671,male,50.53882196132814,0,1,25.196666054503336,S
672,1,3,Passenger 672,male,12.921489404255706,1,0,27.287775942940065,C
673,0,1,Passenger 673,male,24.30893251521237,0,0,20.15011242463536,S
674,1,3,Passenger 674,male,34.980978737466096,0,0,10.045601495140717,C
675,0,2,Passenger 675,male,43.2177501456301,1,0,19.020947284678876,C
676,0,3,Passenger 676,male,24.29637666104695,0,0,12.971991757685183,S
677,0,1,Passenger 677,male,1.2285059924431145,1,0,3.9519866503214445,S
678,1,2,Passenger 678,male,27.74843667621743,1,0,9.277434083938042,S
679,0,3,Passenger 679,female,50.28042714271072,0,0,48.88845287982119,C
680,0,3,Passenger 680,female,34.23281111145641,0,2,98.32655686452294,S
681,0,3,Passenger 681,male,33.54626793539899,0,0,38.52375423384674,C
682,1,2,Passenger 682,male,14.054730126345051,0,1,94.03788763334886,S
683,1,1,Passenger 683,male,12.514926145670028,0,0,21.875966412718633,S
684,0,3,Passenger 684,male,30.27062472951149,0,0,114.7064303273017,S
685,0,3,Passenger 685,male,8.604316165778883,0,1,156.7243359839973,S
686,0,3,Passenger 686,male,41.720433335437654,0,0,3.5485195983518847,C
687,0,3,Passenger 687,male,17.300306267004565,0,0,25.06552277155283,S
688,1,2,Passenger 688,male,29.630140789027593,0,0,21.898763829495245,S
689,0,3,Passenger 689,male,1.7134962186863696,0,0,13.143090515049066,S
690,0,1,Passenger 690,female,24.0929719733474,1,0,32.84881062883398,S
691,0,2,Passenger 691,female,12.212091793046955,0,0,20.928776304384222,C
692,1,2,Passenger 692,female,0.0,0,1,9.626801963211282,S
693,0,3,Passenger 693,male,38.12763134004476,2,0,19.558205068131535,S
694,1,2,Passenger 694,female,54.617393086373596,0,2,66.99343164047372,Q
695,0,1,Passenger 695,male,46.94210384015919,0,2,24.107864061684616,C
696,0,3,Passenger 696,female,40.225360348557075,0,0,37.5981462852431,C
697,0,2,Passenger 697,male,23.788182480816815,0,0,15.225123111750081,S
698,0,3,Passenger 698,female,42.08835342821739,0,2,31.565476582448184,S
699,1,1,Passenger 699,male,48.357797978605916,0,2,5.994158846835119,Q
700,0,3,Passenger 700,female,32.0523274450694,0,0,12.185899450729913,C
701,1,3,Passenger 701,female,12.234597415319659,1,0,18.125710345236044,S
702,0,1,Passenger 702,male,22.509235521129433,0,0,5.60502815314125,S
703,0,2,Passenger 703,male,55.54044732521905,0,0,8.75638616078597,S
704,1,1,Passenger 704,female,28.878837477747503,1,0,27.470474368876303,S
705,1,1,Passenger 705,male,0.0,0,0,22.870135122153112,Q
706,0,3,Passenger 706,female,7.966148044947097,1,0,44.98663405530872,S
707,0,2,Passenger 707,male,23.633269452862777,0,0,11.017544776101541,S
708,0,3,Passenger 708,male,45.53737857626352,1,0,21.276479760596192,C
709,1,2,Passenger 709,male,25.90316471389632,0,0,10.258766302750528,S
710,0,3,Passenger 710,male,45.8164748245989,1,0,40.695948787732576,S
711,0,3,Passenger 711,female,22.107564696787662,2,0,66.07207000443316,S
712,0,3,Passenger 712,male,0.5356121664658033,0,0,32.56782465605763,Q
713,0,3,Passenger 713,male,22.62658262102873,0,0,58.04358978405476,S
714,0,2,Passenger 714,male,35.17417502319427,0,0,20.749037558702472,S
715,0,2,Passenger 715,male,33.9292552401197,0,2,44.95193622148591,S
716,0,3,Passenger 716,female,11.173383761150465,0,0,21.65892787905273,S
717,1,3,Passenger 717,female,24.73205697294352,0,0,7.207138069222711,C
718,0,3,Passenger 718,male,70.2701135709611,0,0,25.705921879858884,C
719,1,1,Passenger 719,female,11.500967605546847,0,2,7.423890947627742,S
720,1,3,Passenger 720,female,39.910850916956235,0,0,208.3311646989161,Q
721,0,3,Passenger 721,male,0.0,0,0,14.38105680967021,S
722,1,1,Passenger 722,female,42.95687736854493,0,0,38.28422209054376,S
723,0,1,Passenger 723,male,16.6151191471733,0,0,19.837751831159952,S
724,0,3,Passenger 724,male,36.0313238730441,0,0,5.849677759989347,S
725,0,3,Passenger 725,female,10.627115973476979,0,0,3.008606365162883,S
726,1,3,Passenger 726,male,34.36279200265061,0,0,42.479174967418075,C
727,1,1,Passenger 727,female,16.370245563878427,0,0,94.57005917659446,S
728,0,3,Passenger 728,female,19.27427725550062,0,0,9.633015306985515,S
729,1,1,Passenger 729,male,36.62979009592546,1,0,3.8316958291840897,S
730,1,1,Passenger 730,female,23.544217854044756,0,1,14.509988401904499,S
731,0,1,Passenger 731,male,35.705721723244665,0,0,7.868622023303148,S
732,0,3,Passenger 732,male,27.13738022034974,0,1,10.48226016393124,Q
733,1,3,Passenger 733,male,31.012405218709127,1,0,36.97986960010791,Q
734,0,3,Passenger 734,female,36.676297070301025,2,0,19.097108813944374,C
735,1,2,Passenger 735,male,24.749723181132886,0,0,8.762598042034096,S
736,0,3,Passenger 736,male,15.059253209973388,0,2,36.17979400230503,Q
737,1,2,Passenger 737,female,22.015316011053148,1,0,39.12933122915133,Q
738,0,3,Passenger 738,female,47.927087697501534,0,0,14.33841808102235,Q
739,0,2,Passenger 739,female,31.742596261148247,0,0,23.055780546217985,C
740,1,2,Passenger 740,male,17.326523198842896,0,0,33.80138855239553,S
741,0,3,Passenger 741,male,36.02340912581578,0,0,30.75655465296809,C
742,1,2,Passenger 742,male,37.024733774087075,2,0,20.918084814994586,C
743,1,3,Passenger 743,female,37.799986136967156,3,0,84.14875438628974,S
744,1,3,Passenger 744,male,15.332441994430715,1,0,35.96984012477158,S
745,0,1,Passenger 745,male,19.764135085711573,0,0,12.798410499681726,S
746,0,3,Passenger 746,female,19.847561754194825,1,0,12.875559891221483,S
747,0,2,Passenger 747,male,24.590281319007122,0,0,11.495017146508633,Q
748,1,3,Passenger 748,female,38.08378777715602,0,0,37.79288839503019,S
749,1,3,Passenger 749,female,34.442772070965205,1,0,10.775256491241986,C
750,0,3,Passenger 750,female,35.628254357357434,0,0,13.132642317032953,S
751,1,1,Passenger 751,male,50.31028713557285,0,2,57.85977368497688,S
752,0,3,Passenger 752,male,40.33336398737445,0,2,24.328097596646657,Q
753,0,3,Passenger 753,female,27.87297562505869,1,1,66.58854908620755,S
754,0,2,Passenger 754,female,12.241722359212506,0,0,44.61454260937472,S
755,1,1,Passenger 755,female,19.281794872936945,0,0,6.1924336696922,S
756,0,3,Passenger 756,male,26.074423984826595,0,0,18.135420175125596,S
757,1,3,Passenger 757,female,42.436947410041704,1,0,54.052134794651245,S
758,1,3,Passenger 758,female,29.5900209884086,1,0,5.916966694214503,Q
759,0,3,Passenger 759,female,20.157060676673353,0,1,30.56057624663735,Q
760,0,3,Passenger 760,female,19.00660671409161,0,1,19.312711891023465,S
761,0,1,Passenger 761,female,28.95632686618161,0,1,3.4736685616754297,S
762,0,2,Passenger 762,male,43.3498134332565,3,0,22.638665438140468,S
763,0,2,Passenger 763,male,53.86528958662676,0,0,8.69312065773481,S
764,0,3,Passenger 764,male,26.913471029554984,2,0,6.248542383343536,S
765,1,1,Passenger 765,male,29.328852288561027,0,0,20.269973960338067,S
766,0,3,Passenger 766,male,11.790874407639254,1,0,2.912893918539732,S
767,0,3,Passenger 767,male,59.087888536491995,1,0,10.233940612600028,S
768,0,3,Passenger 768,male,8.984957427658742,1,0,257.5397951674478,S
769,0,2,Passenger 769,male,47.57493467670825,2,0,38.483223512622246,S
770,0,3,Passenger 770,male,24.519960704812938,0,0,8.319274852078856,S
771,1,1,Passenger 771,female,21.009502592395215,0,1,81.79089587969032,C
772,1,3,Passenger 772,female,13.349946421711099,0,0,7.448081178042239,S
773,1,1,Passenger 773,male,66.150729741107,1,1,11.545605020703036,S
774,1,2,Passenger 774,female,33.32237434917592,0,0,6.367128544888683,S
775,1,3,Passenger 775,male,30.31920655656095,0,0,25.94761969113015,S
776,0,1,Passenger 776,male,43.300985393318136,0,0,78.93538623885416,S
777,1,1,Passenger 777,male,20.23750911555055,0,0,7.396402752122917,C
778,0,3,Passenger 778,male,30.027689328465087,0,2,2.5588475019966035,S
779,1,3,Passenger 779,female,30.845044302181815,0,0,59.79766865650314,S
780,0,3,Passenger 780,female,22.317814014778,1,0,94.99274317845796,S
781,1,3,Passenger 781,male,47.99457118778871,0,0,2.731687454886399,C
782,1,3,Passenger 782,male,26.72018382756144,0,2,31.81870554217149,S
783,1,2,Passenger 783,male,6.703019199467558,0,0,25.191467656255583,S
784,1,2,Passenger 784,male,25.477539547186893,0,0,9.138759874304595,S
785,0,1,Passenger 785,male,33.73768007570846,1,0,4.981068037137217,S
786,0,3,Passenger 786,male,16.597601491685875,1,0,54.149586945351366,S
787,0,3,Passenger 787,female,17.781078102443416,0,0,24.02441323500058,S
788,0,2,Passenger 788,female,21.80611442810939,1,0,25.904752793908532,S
789,0,3,Passenger 789,male,48.31853490100441,1,0,10.785802081431404,S
790,0,3,Passenger 790,female,22.69262966031441,1,1,9.00779934140252,C
791,1,1,Passenger 791,male,51.436755278265466,0,0,1.7246540139208482,S
792,0,3,Passenger 792,male,20.775743427774962,2,0,15.990135010044405,S
793,1,3,Passenger 793,male,34.87521204384813,0,0,84.67550642155341,S
794,0,3,Passenger 794,male,23.30635988670373,0,0,8.2461430336076,S
795,1,1,Passenger 795,female,41.31124755435708,0,0,4.382350856947272,C
796,1,3,Passenger 796,male,13.22588768152081,0,0,31.05204185544032,C
797,0,3,Passenger 797,male,41.14289219365847,0,0,37.340554888948155,S
798,0,3,Passenger 798,male,31.708041004645256,0,0,11.179637456275508,Q
799,1,3,Passenger 799,male,20.400122748338262,0,0,14.17153726762151,S
800,0,3,Passenger 800,female,27.50667772934774,1,0,26.15141022143363,S
801,0,3,Passenger 801,male,53.00782411548262,1,0,17.19210954829676,S
802,1,1,Passenger 802,male,32.06766757321175,0,0,54.605211982716256,C
803,0,3,Passenger 803,male,19.45907976131042,1,0,229.80763190182688,C
804,0,3,Passenger 804,male,11.92960075757831,1,2,3.635826452387195,S
805,0,2,Passenger 805,male,37.58106410146496,1,1,68.70040748355724,S
806,0,3,Passenger 806,female,32.93767870516028,0,0,22.31501345465703,S
807,0,3,Passenger 807,male,40.42531042632335,1,0,80.49547235891735,S
808,1,3,Passenger 808,female,8.066628904652365,2,1,41.44447216904984,S
809,0,3,Passenger 809,female,12.416093206627501,1,1,21.352235894643712,S
810,1,1,Passenger 810,female,47.203187988778495,0,1,42.949411331796696,S
811,0,3,Passenger 811,male,34.97012470169011,0,0,13.542653576413429,S
812,0,3,Passenger 812,male,38.00101276856343,0,0,9.259949340873725,C
813,1,1,Passenger 813,male,15.5596945183807,0,1,45.18942573704434,C
814,0,3,Passenger 814,female,15.285192025066221,0,0,8.633686195005431,S
815,0,3,Passenger 815,male,44.86887987288133,0,0,38.18232039678105,S
816,0,3,Passenger 816,male,45.57566482147723,1,0,20.71271127551244,S
817,0,3,Passenger 817,male,13.675207694564193,1,0,1.9553287715269714,Q
818,1,2,Passenger 818,male,10.809442562207323,0,0,11.309211261420009,S
819,1,1,Passenger 819,male,28.371105439313336,2,0,28.07384036923301,C
820,0,2,Passenger 820,male,18.009773199359906,0,0,13.383188584892405,S
821,0,3,Passenger 821,female,17.69734681430962,0,0,1.5734456376399195,S
822,1,1,Passenger 822,male,11.229326303589112,1,0,75.2450505336168,S
823,0,2,Passenger 823,male,22.9734922757945,1,0,23.792610547522056,S
824,0,2,Passenger 824,male,12.67957886050701,2,0,31.30379359342696,S
825,1,3,Passenger 825,male,13.568986454861449,0,0,12.51244623616048,S
826,0,3,Passenger 826,male,34.47587769849457,1,1,34.174839567091404,S
827,1,2,Passenger 827,female,29.17202648568935,0,0,125.81595249167071,S
828,1,2,Passenger 828,male,37.27318022298198,1,0,9.630421712351357,S
829,0,3,Passenger 829,female,5.2644984697604045,1,0,106.3794804459124,Q
830,0,3,Passenger 830,male,30.148209147446448,0,1,29.92110445093312,C
831,0,1,Passenger 831,male,61.13456313248757,0,0,8.419641515260475,C
832,0,3,Passenger 832,female,24.415912735716013,1,0,183.53229335393536,Q
833,0,1,Passenger 833,male,42.37123509858447,0,0,29.714651476898123,S
834,1,1,Passenger 834,male,42.240102731616346,0,0,39.5070315019797,S
835,0,3,Passenger 835,male,42.977979120019135,1,1,15.34282434375751,S
836,0,2,Passenger 836,male,32.49992530585984,0,1,9.058226539214067,S
837,1,3,Passenger 837,female,38.491289741163214,1,0,23.755480094278013,S
838,1,2,Passenger 838,male,40.48520430019508,0,0,97.65723282843717,S
839,0,3,Passenger 839,female,39.531690424715364,0,0,14.736688309603604,S
840,0,3,Passenger 840,female,13.238727397299058,1,0,19.555347030379732,Q
841,1,1,Passenger 841,male,4.389232761840198,0,0,86.17055000141924,C
842,0,3,Passenger 842,female,6.696246848777893,0,0,14.874869141691079,S
843,1,1,Passenger 843,male,25.947600114260045,1,0,33.45751119089084,S
844,0,3,Passenger 844,female,38.90890101633967,0,0,48.2960852543754,C
845,1,1,Passenger 845,male,13.43383083732623,0,2,16.497668223350576,C
846,0,2,Passenger 846,female,43.85955687876606,0,0,27.38067830244067,S
847,0,1,Passenger 847,male,22.465872382381708,1,1,38.90422193160122,Q
848,0,3,Passenger 848,male,22.608671832088817,1,0,13.45142174562616,S
849,0,3,Passenger 849,male,17.458395061805994,1,0,45.41149037521369,S
850,1,3,Passenger 850,female,1.7282046147558958,0,0,11.623325714532703,S
851,1,1,Passenger 851,male,33.439711926519706,1,0,10.225784482998364,S
852,1,3,Passenger 852,male,55.690015692578534,0,0,4.36212332159049,S
853,0,1,Passenger 853,female,29.06003214701155,1,0,12.14038691364206,S
854,0,3,Passenger 854,female,2.2405253745772136,0,2,8.886180330902107,S
855,1,1,Passenger 855,female,41.70514217424669,1,0,13.451976457231522,S
856,0,1,Passenger 856,female,5.628030148455164,1,0,37.03978598855458,C
857,0,1,Passenger 857,female,11.864484045162218,0,2,3.5762892718848835,S
858,1,3,Passenger 858,female,26.424927415296438,0,0,2.788012859720403,S
859,0,3,Passenger 859,male,31.84265157810297,1,0,9.496476008818782,S
860,1,1,Passenger 860,male,14.870039982497573,0,0,31.856151197370803,S
861,0,3,Passenger 861,female,25.840259151510292,2,1,26.812412868403598,S
862,0,3,Passenger 862,male,40.72743601141027,0,2,9.345899276932865,C
863,0,3,Passenger 863,male,42.78268327212027,0,2,64.67716691295658,S
864,1,2,Passenger 864,male,48.771846327213964,0,0,10.397756532849979,S
865,1,2,Passenger 865,female,58.64127978440241,0,1,31.895150813733725,S
866,1,3,Passenger 866,male,42.14833982491675,2,0,13.974212578794146,S
867,1,1,Passenger 867,male,26.748952283936394,0,0,8.425169957283963,C
868,0,1,Passenger 868,male,42.88970686684459,1,0,10.967465538272076,S
869,0,3,Passenger 869,male,37.00074351007773,0,0,41.846174577545035,C
870,0,3,Passenger 870,male,37.595504662893816,0,2,28.818719111212186,S
871,1,2,Passenger 871,male,32.658281776075285,0,2,52.88409667884614,S
872,0,2,Passenger 872,male,16.319188467691404,0,0,28.817593398938296,C
873,0,3,Passenger 873,female,14.578553882671049,3,0,4.01015757808032,S
874,0,2,Passenger 874,male,28.54322698387286,0,0,166.40337893967444,C
875,0,1,Passenger 875,female,32.23365113769558,0,1,29.229223513472984,C
876,1,1,Passenger 876,female,19.808386156024305,0,0,33.604888732896725,S
877,0,3,Passenger 877,male,36.35012922912863,0,0,13.779229098333314,S
878,0,3,Passenger 878,female,61.21148856058784,0,0,61.140732268261615,S
879,1,1,Passenger 879,male,3.8350392108261353,1,0,6.7321357391645735,S
880,1,1,Passenger 880,female,38.73366716345641,0,0,36.95973503064455,S
881,1,1,Passenger 881,male,29.01038068663785,0,2,2.5102107600173302,S
882,1,3,Passenger 882,female,36.75983333001982,0,0,39.53587633569434,C
883,1,1,Passenger 883,male,23.539279493095634,3,0,6.824025782288923,C
884,1,1,Passenger 884,male,27.809101724292496,0,0,26.496019665981727,S
885,0,3,Passenger 885,male,31.942506765121486,0,0,78.04928348748734,S
886,1,1,Passenger 886,female,25.47549174697109,0,2,45.72830055983612,S
887,0,3,Passenger 887,female,7.1918802394515176,0,0,68.33223861799853,S
888,0,1,Passenger 888,male,26.4912745403332,0,0,61.61149397567346,S
889,1,1,Passenger 889,male,8.753495577057091,0,0,11.89023240881792,C
890,0,2,Passenger 890,male,39.797896658704644,1,0,36.53717274861481,Q
891,1,3,Passenger 891,female,2.0168234838281656,0,0,3.5789988270699173,S
